date,province,latitude,longitude,temperature_c,humidity_pct,rainfall_mm,wind_speed_kmh,aqi,coastal,heat_index,dryness_index,storm_potential,aqi_normalized,temp_rolling_mean_3d,is_missing_imputed
2026-06-03,Madrid,40.4168,-3.7038,34.1,53.6,3.5,9.3,87.0,False,41.16,44.65,4.89,0.435,34.1,False
2026-06-04,Madrid,40.4168,-3.7038,33.6,65.1,3.3,13.2,89.0,False,41.79,33.25,5.94,0.445,33.85,False
2026-06-05,Madrid,40.4168,-3.7038,32.0,50.3,1.0,2.0,90.0,False,38.63,49.2,1.2,0.45,33.23,False
2026-06-06,Madrid,40.4168,-3.7038,34.8,39.8,0.4,10.6,63.0,False,40.52,60.0,3.42,0.315,33.47,False
2026-06-07,Madrid,40.4168,-3.7038,36.2,52.7,0.6,31.4,95.0,False,43.28,47.0,9.78,0.475,34.33,False
2026-06-08,Madrid,40.4168,-3.7038,33.3,49.8,0.5,12.4,75.0,False,39.94,49.95,4.02,0.375,34.77,False
2026-06-09,Madrid,40.4168,-3.7038,31.7,73.5,0.3,12.8,75.0,False,40.64,26.35,4.02,0.375,33.73,False
2026-06-10,Madrid,40.4168,-3.7038,32.5,58.9,2.9,17.3,48.0,False,40.02,39.65,6.93,0.24,32.5,False
2026-06-11,Madrid,40.4168,-3.7038,30.1,57.0,9.3,17.3,83.0,False,37.31,38.35,10.77,0.415,31.43,False
2026-06-12,Madrid,40.4168,-3.7038,30.8,39.2,0.8,13.2,88.0,False,36.26,60.4,4.44,0.44,31.13,False
2026-06-13,Madrid,40.4168,-3.7038,33.8,37.4,0.4,19.5,95.0,False,39.23,62.4,6.09,0.475,31.57,False
2026-06-14,Madrid,40.4168,-3.7038,35.0,62.5,0.2,11.0,80.0,False,43.0,37.4,3.42,0.4,33.2,False
2026-06-15,Madrid,40.4168,-3.7038,33.7,64.8,1.1,14.9,75.0,False,41.87,34.65,5.13,0.375,34.17,False
2026-06-16,Madrid,40.4168,-3.7038,35.6,46.0,2.7,15.6,102.0,False,41.98,52.65,6.3,0.51,34.77,False
2026-06-17,Madrid,40.4168,-3.7038,33.8,48.5,3.8,25.0,86.0,False,40.34,49.6,9.78,0.43,34.37,False
2026-06-18,Madrid,40.4168,-3.7038,40.4,45.8,1.5,16.5,97.0,False,47.0,53.45,5.85,0.485,36.6,False
2026-06-19,Madrid,40.4168,-3.7038,33.2,35.1,6.4,12.8,57.0,False,38.37,61.7,7.68,0.285,35.8,False
2026-06-20,Madrid,40.4168,-3.7038,31.3,62.4,0.2,11.1,66.0,False,39.11,37.5,3.45,0.33,34.97,False
2026-06-21,Madrid,40.4168,-3.7038,35.0,58.3,4.3,24.2,88.0,False,42.58,39.55,9.84,0.44,33.17,False
2026-06-22,Madrid,40.4168,-3.7038,32.3,61.7,0.3,13.6,55.0,False,40.08,38.15,4.26,0.275,32.87,False
2026-06-23,Madrid,40.4168,-3.7038,33.7,57.6,0.0,2.0,86.0,False,41.14,42.4,0.6,0.43,33.67,False
2026-06-24,Madrid,40.4168,-3.7038,32.1,52.1,1.1,15.0,82.0,False,38.92,47.35,5.16,0.41,32.7,False
2026-06-25,Madrid,40.4168,-3.7038,37.1,56.7,1.2,15.9,66.0,False,44.63,42.7,5.49,0.33,34.3,False
2026-06-26,Madrid,40.4168,-3.7038,30.6,45.1,0.1,16.4,109.0,False,36.64,54.85,4.98,0.545,33.27,False
2026-06-27,Madrid,40.4168,-3.7038,32.6,58.0,0.4,18.0,78.0,False,40.03,41.8,5.64,0.39,33.43,False
2026-06-28,Madrid,40.4168,-3.7038,34.7,43.5,3.8,20.7,70.0,False,40.79,54.6,8.49,0.35,32.63,False
2026-06-29,Madrid,40.4168,-3.7038,36.1,41.0,2.7,10.7,89.0,False,42.0,57.65,4.83,0.445,34.47,False
2026-06-30,Madrid,40.4168,-3.7038,31.9,64.2,0.6,16.6,68.0,False,39.92,35.5,5.34,0.34,34.23,False
2026-07-01,Madrid,40.4168,-3.7038,29.6,55.7,2.8,19.2,55.0,False,36.65,42.9,7.44,0.275,32.53,False
2026-07-02,Madrid,40.4168,-3.7038,34.4,53.4,0.4,11.3,78.0,False,41.46,46.4,3.63,0.39,31.97,False
2026-06-03,Valencia,39.4699,-0.3763,37.8,55.7,32.9,24.2,131.0,True,45.26,27.85,27.0,0.655,37.8,False
2026-06-04,Valencia,39.4699,-0.3763,35.3,65.9,44.0,17.6,98.0,True,43.66,12.1,31.68,0.49,36.55,False
2026-06-05,Valencia,39.4699,-0.3763,33.3,54.8,25.0,19.7,98.0,True,40.44,32.7,20.91,0.49,35.47,False
2026-06-06,Valencia,39.4699,-0.3763,36.5,76.5,0.2,17.8,79.0,True,45.98,23.4,5.46,0.395,35.03,False
2026-06-07,Valencia,39.4699,-0.3763,40.1,72.7,20.4,20.4,86.0,True,49.38,17.1,18.36,0.43,36.63,False
2026-06-08,Valencia,39.4699,-0.3763,34.3,56.7,26.5,21.8,89.0,True,41.68,30.05,22.44,0.445,36.97,False
2026-06-09,Valencia,39.4699,-0.3763,37.8,87.0,1.9,7.8,82.0,True,48.39,12.05,3.48,0.41,37.4,False
2026-06-10,Valencia,39.4699,-0.3763,37.9,65.6,19.3,16.1,116.0,True,46.36,24.75,16.41,0.58,36.67,False
2026-06-11,Valencia,39.4699,-0.3763,35.4,95.0,4.2,10.2,101.0,True,46.67,2.9,5.58,0.505,37.03,False
2026-06-12,Valencia,39.4699,-0.3763,36.1,66.6,3.8,14.7,99.0,True,44.56,31.5,6.69,0.495,36.47,False
2026-06-13,Valencia,39.4699,-0.3763,37.0,67.3,64.1,13.3,103.0,True,45.58,0.65,42.45,0.515,36.17,False
2026-06-14,Valencia,39.4699,-0.3763,38.3,64.6,7.4,17.3,76.0,True,46.68,31.7,9.63,0.38,37.13,False
2026-06-15,Valencia,39.4699,-0.3763,36.4,71.9,16.3,17.4,77.0,True,45.41,19.95,15.0,0.385,37.23,False
2026-06-16,Valencia,39.4699,-0.3763,38.3,68.5,26.1,22.5,111.0,True,47.06,18.45,22.41,0.555,37.67,False
2026-06-17,Valencia,39.4699,-0.3763,33.0,58.6,32.0,17.8,83.0,True,40.51,25.4,24.54,0.415,35.9,False
2026-06-18,Valencia,39.4699,-0.3763,36.1,76.7,13.5,19.4,105.0,True,45.58,16.55,13.92,0.525,35.8,False
2026-06-19,Valencia,39.4699,-0.3763,38.1,74.5,42.7,9.1,72.0,True,47.46,4.15,28.35,0.36,35.73,False
2026-06-20,Valencia,39.4699,-0.3763,36.4,59.4,0.7,29.9,61.0,True,44.16,40.25,9.39,0.305,36.87,False
2026-06-21,Valencia,39.4699,-0.3763,37.5,51.9,0.6,10.6,88.0,True,44.56,47.8,3.54,0.44,37.33,False
2026-06-22,Valencia,39.4699,-0.3763,39.4,69.3,4.7,11.6,102.0,True,48.3,28.35,6.3,0.51,37.77,False
2026-06-23,Valencia,39.4699,-0.3763,36.1,61.5,15.0,24.2,101.0,True,44.06,31.0,16.26,0.505,37.67,False
2026-06-24,Valencia,39.4699,-0.3763,36.0,72.4,7.5,12.0,101.0,True,45.04,23.85,8.1,0.505,37.17,False
2026-06-25,Valencia,39.4699,-0.3763,34.3,66.9,0.5,11.4,108.0,True,42.7,32.85,3.72,0.54,35.47,False
2026-06-26,Valencia,39.4699,-0.3763,35.3,64.8,5.6,26.6,92.0,True,43.54,32.4,11.34,0.46,35.2,False
2026-06-27,Valencia,39.4699,-0.3763,33.2,77.2,59.9,18.3,104.0,True,42.58,0.0,41.43,0.52,34.27,False
2026-06-28,Valencia,39.4699,-0.3763,33.1,86.4,5.5,23.6,69.0,True,43.4,10.85,10.38,0.345,33.87,False
2026-06-29,Valencia,39.4699,-0.3763,37.0,75.7,12.4,15.9,77.0,True,46.42,18.1,12.21,0.385,34.43,False
2026-06-30,Valencia,39.4699,-0.3763,33.2,66.9,11.0,25.8,58.0,True,41.55,27.6,14.34,0.29,34.43,False
2026-07-01,Valencia,39.4699,-0.3763,35.0,69.3,9.1,16.4,120.0,True,43.68,26.15,10.38,0.6,35.07,False
2026-07-02,Valencia,39.4699,-0.3763,36.9,77.1,3.4,17.2,82.0,True,46.46,21.2,7.2,0.41,35.03,False
2026-06-03,Barcelona,41.3874,2.1686,31.2,64.1,16.9,4.6,93.0,True,39.17,27.45,11.52,0.465,31.2,False
2026-06-04,Barcelona,41.3874,2.1686,29.6,89.1,4.7,15.1,78.0,True,39.99,8.55,7.35,0.39,30.4,False
2026-06-05,Barcelona,41.3874,2.1686,31.6,61.8,0.4,21.3,68.0,True,39.36,38.0,6.63,0.34,30.8,False
2026-06-06,Barcelona,41.3874,2.1686,29.6,64.4,7.2,21.4,74.0,True,37.52,32.0,10.74,0.37,30.27,False
2026-06-07,Barcelona,41.3874,2.1686,32.8,74.3,2.0,19.3,68.0,True,41.87,24.7,6.99,0.34,31.33,False
2026-06-08,Barcelona,41.3874,2.1686,27.1,55.8,9.0,19.3,58.0,True,34.04,39.7,11.19,0.29,29.83,False
2026-06-09,Barcelona,41.3874,2.1686,30.5,79.0,8.3,13.6,75.0,True,39.92,16.85,9.06,0.375,30.13,False
2026-06-10,Barcelona,41.3874,2.1686,31.0,77.3,10.5,20.1,68.0,True,40.28,17.45,12.33,0.34,29.53,False
2026-06-11,Barcelona,41.3874,2.1686,31.7,66.7,18.0,27.5,91.0,True,39.96,24.3,19.05,0.455,31.07,False
2026-06-12,Barcelona,41.3874,2.1686,27.1,63.5,2.4,22.9,73.0,True,34.8,35.3,8.31,0.365,29.93,False
2026-06-13,Barcelona,41.3874,2.1686,32.4,74.3,0.6,11.8,77.0,True,41.45,25.4,3.9,0.385,30.4,False
2026-06-14,Barcelona,41.3874,2.1686,26.4,85.7,13.1,11.0,54.0,True,36.29,7.75,11.16,0.27,28.63,False
2026-06-15,Barcelona,41.3874,2.1686,31.9,62.4,5.8,13.4,79.0,True,39.74,34.7,7.5,0.395,30.23,False
2026-06-16,Barcelona,41.3874,2.1686,32.2,76.7,0.5,7.3,56.0,True,41.48,23.05,2.49,0.28,30.17,False
2026-06-17,Barcelona,41.3874,2.1686,29.4,65.9,9.0,3.8,92.0,True,37.46,29.6,6.54,0.46,31.17,False
2026-06-18,Barcelona,41.3874,2.1686,30.3,68.0,3.8,17.9,59.0,True,38.62,30.1,7.65,0.295,30.63,False
2026-06-19,Barcelona,41.3874,2.1686,32.1,83.3,19.6,7.3,64.0,True,42.04,6.9,13.95,0.32,30.6,False
2026-06-20,Barcelona,41.3874,2.1686,30.2,72.6,19.8,17.3,71.0,True,38.97,17.5,17.07,0.355,30.87,False
2026-06-21,Barcelona,41.3874,2.1686,31.2,60.3,20.9,29.7,80.0,True,38.79,29.25,21.45,0.4,31.17,False
2026-06-22,Barcelona,41.3874,2.1686,30.0,86.6,5.9,21.2,73.0,True,40.16,10.45,9.9,0.365,30.47,False
2026-06-23,Barcelona,41.3874,2.1686,35.8,59.9,1.9,15.1,67.0,True,43.58,39.15,5.67,0.335,32.33,False
2026-06-24,Barcelona,41.3874,2.1686,33.3,49.9,0.5,18.1,108.0,True,39.96,49.85,5.73,0.54,33.03,False
2026-06-25,Barcelona,41.3874,2.1686,33.1,62.2,6.9,20.5,101.0,True,40.98,34.35,10.29,0.505,34.07,False
2026-06-26,Barcelona,41.3874,2.1686,32.5,66.7,12.1,23.1,71.0,True,40.8,27.25,14.19,0.355,32.97,False
2026-06-27,Barcelona,41.3874,2.1686,27.2,81.5,21.0,17.7,66.0,True,36.71,8.0,17.91,0.33,30.93,False
2026-06-28,Barcelona,41.3874,2.1686,25.6,59.0,1.9,16.0,58.0,True,32.78,40.05,5.94,0.29,28.43,False
2026-06-29,Barcelona,41.3874,2.1686,30.0,74.2,3.6,7.8,78.0,True,38.92,24.0,4.5,0.39,27.6,False
2026-06-30,Barcelona,41.3874,2.1686,33.3,83.4,2.7,18.0,69.0,True,43.3,15.25,7.02,0.345,29.63,False
2026-07-01,Barcelona,41.3874,2.1686,34.4,69.2,4.4,17.0,101.0,True,43.04,28.6,7.74,0.505,32.57,False
2026-07-02,Barcelona,41.3874,2.1686,33.3,69.7,3.1,19.9,100.0,True,41.93,28.75,7.83,0.5,33.67,False
2026-06-03,Seville,37.3891,-5.9845,37.9,61.9,0.2,5.6,115.0,False,45.98,38.0,1.8,0.575,37.9,False
2026-06-04,Seville,37.3891,-5.9845,41.9,53.6,0.6,25.0,107.0,False,49.36,46.1,7.86,0.535,39.9,False
2026-06-05,Seville,37.3891,-5.9845,43.6,41.2,2.6,15.9,123.0,False,49.9,57.5,6.33,0.615,41.13,False
2026-06-06,Seville,37.3891,-5.9845,39.4,38.4,5.2,3.6,97.0,False,45.21,59.0,4.2,0.485,41.63,False
2026-06-07,Seville,37.3891,-5.9845,37.1,61.7,0.1,9.4,99.0,False,45.13,38.25,2.88,0.495,40.03,False
2026-06-08,Seville,37.3891,-5.9845,41.6,52.1,0.9,10.1,112.0,False,48.89,47.45,3.57,0.56,39.37,False
2026-06-09,Seville,37.3891,-5.9845,38.8,47.1,0.3,7.4,94.0,False,45.45,52.75,2.4,0.47,39.17,False
2026-06-10,Seville,37.3891,-5.9845,40.1,32.2,1.6,11.8,104.0,False,45.32,67.0,4.5,0.52,40.17,False
2026-06-11,Seville,37.3891,-5.9845,39.8,52.8,2.2,11.6,108.0,False,47.07,46.1,4.8,0.54,39.57,False
2026-06-12,Seville,37.3891,-5.9845,38.8,42.7,0.9,6.9,117.0,False,45.01,56.85,2.61,0.585,39.57,False
2026-06-13,Seville,37.3891,-5.9845,43.6,52.5,0.0,21.1,96.0,False,51.03,47.5,6.33,0.48,40.73,False
2026-06-14,Seville,37.3891,-5.9845,40.1,64.7,1.0,15.2,86.0,False,48.58,34.8,5.16,0.43,40.83,False
2026-06-15,Seville,37.3891,-5.9845,36.5,57.0,0.4,14.9,89.0,False,44.03,42.8,4.71,0.445,40.07,False
2026-06-16,Seville,37.3891,-5.9845,37.7,48.5,0.5,26.1,106.0,False,44.44,51.25,8.13,0.53,38.1,False
2026-06-17,Seville,37.3891,-5.9845,40.0,69.8,0.1,30.2,115.0,False,48.98,30.15,9.12,0.575,38.07,False
2026-06-18,Seville,37.3891,-5.9845,39.0,70.8,0.2,10.7,76.0,False,48.03,29.1,3.33,0.38,38.9,False
2026-06-19,Seville,37.3891,-5.9845,42.0,74.1,0.6,16.2,108.0,False,51.51,25.6,5.22,0.54,40.33,False
2026-06-20,Seville,37.3891,-5.9845,39.2,52.6,0.2,12.1,90.0,False,46.42,47.3,3.75,0.45,40.07,False
2026-06-21,Seville,37.3891,-5.9845,38.7,46.4,0.3,2.0,106.0,False,45.28,53.45,0.78,0.53,39.97,False
2026-06-22,Seville,37.3891,-5.9845,40.9,54.2,2.7,12.5,114.0,False,48.36,44.45,5.37,0.57,39.6,False
2026-06-23,Seville,37.3891,-5.9845,41.1,45.2,3.5,28.3,128.0,False,47.68,53.05,10.59,0.64,40.23,False
2026-06-24,Seville,37.3891,-5.9845,42.1,47.4,0.3,11.4,79.0,False,48.95,52.45,3.6,0.395,41.37,False
2026-06-25,Seville,37.3891,-5.9845,36.4,55.5,0.2,6.9,101.0,False,43.77,44.4,2.19,0.505,39.87,False
2026-06-26,Seville,37.3891,-5.9845,37.5,57.7,0.9,12.1,93.0,False,45.14,41.85,4.17,0.465,38.67,False
2026-06-27,Seville,37.3891,-5.9845,38.1,51.2,0.1,12.4,106.0,False,45.12,48.75,3.78,0.53,37.33,False
2026-06-28,Seville,37.3891,-5.9845,42.4,62.7,1.2,2.0,95.0,False,50.79,36.7,1.32,0.475,39.33,False
2026-06-29,Seville,37.3891,-5.9845,41.3,53.0,2.4,17.0,105.0,False,48.67,45.8,6.54,0.525,40.6,False
2026-06-30,Seville,37.3891,-5.9845,41.1,70.8,2.5,18.0,97.0,False,50.24,27.95,6.9,0.485,41.6,False
2026-07-01,Seville,37.3891,-5.9845,38.9,50.7,0.2,19.3,112.0,False,45.92,49.2,5.91,0.56,40.43,False
2026-07-02,Seville,37.3891,-5.9845,35.1,58.6,2.8,23.2,79.0,False,42.72,40.0,8.64,0.395,38.37,False
2026-06-03,Bilbao,43.263,-2.935,21.5,57.9,5.8,22.3,32.0,True,28.36,39.2,10.17,0.16,21.5,False
2026-06-04,Bilbao,43.263,-2.935,22.5,68.2,21.5,21.0,20.0,True,30.44,21.05,19.2,0.1,22.0,False
2026-06-05,Bilbao,43.263,-2.935,26.5,75.7,1.2,17.0,68.0,True,35.4,23.7,5.82,0.34,23.5,False
2026-06-06,Bilbao,43.263,-2.935,24.1,64.0,14.7,19.8,86.0,True,31.71,28.65,14.76,0.43,24.37,False
2026-06-07,Bilbao,43.263,-2.935,26.4,70.5,1.5,9.5,47.0,True,34.77,28.75,3.75,0.235,25.67,False
2026-06-08,Bilbao,43.263,-2.935,29.3,72.0,19.5,22.2,60.0,True,37.97,18.25,18.36,0.3,26.6,False
2026-06-09,Bilbao,43.263,-2.935,25.4,58.2,14.9,13.4,48.0,True,32.49,34.35,12.96,0.24,27.03,False
2026-06-10,Bilbao,43.263,-2.935,28.1,77.7,9.6,18.5,93.0,True,37.28,17.5,11.31,0.465,27.6,False
2026-06-11,Bilbao,43.263,-2.935,24.3,55.6,1.9,17.0,65.0,True,31.08,43.45,6.24,0.325,25.93,False
2026-06-12,Bilbao,43.263,-2.935,24.0,44.8,27.5,17.7,35.0,True,29.68,41.45,21.81,0.175,25.47,False
2026-06-13,Bilbao,43.263,-2.935,31.4,69.3,0.2,26.7,83.0,True,39.9,30.6,8.13,0.415,26.57,False
2026-06-14,Bilbao,43.263,-2.935,26.5,72.4,1.5,27.3,80.0,True,35.07,26.85,9.09,0.4,27.3,False
2026-06-15,Bilbao,43.263,-2.935,29.5,62.9,25.4,15.5,80.0,True,37.26,24.4,19.89,0.4,29.13,False
2026-06-16,Bilbao,43.263,-2.935,31.6,73.2,4.8,15.1,68.0,True,40.5,24.4,7.41,0.34,29.2,False
2026-06-17,Bilbao,43.263,-2.935,23.8,51.5,7.2,14.6,61.0,True,30.14,44.9,8.7,0.305,28.3,False
2026-06-18,Bilbao,43.263,-2.935,28.8,59.8,5.6,14.4,44.0,True,36.22,37.4,7.68,0.22,28.07,False
2026-06-19,Bilbao,43.263,-2.935,25.5,65.3,6.4,20.8,54.0,True,33.3,31.5,10.08,0.27,26.03,False
2026-06-20,Bilbao,43.263,-2.935,28.4,49.6,9.3,14.4,49.0,True,34.78,45.75,9.9,0.245,27.57,False
2026-06-21,Bilbao,43.263,-2.935,31.7,68.6,0.6,11.3,85.0,True,40.15,31.1,3.75,0.425,28.53,False
2026-06-22,Bilbao,43.263,-2.935,25.7,69.6,2.0,15.8,49.0,True,33.94,29.4,5.94,0.245,28.6,False
2026-06-23,Bilbao,43.263,-2.935,24.4,69.1,13.9,24.3,20.0,True,32.53,23.95,15.63,0.1,27.27,False
2026-06-24,Bilbao,43.263,-2.935,21.4,55.6,7.7,13.9,39.0,True,28.03,40.55,8.79,0.195,23.83,False
2026-06-25,Bilbao,43.263,-2.935,22.9,60.2,9.6,13.8,48.0,True,30.06,35.0,9.9,0.24,22.9,False
2026-06-26,Bilbao,43.263,-2.935,27.1,60.3,10.0,20.3,44.0,True,34.48,34.7,12.09,0.22,23.8,False
2026-06-27,Bilbao,43.263,-2.935,24.8,72.9,9.9,13.9,51.0,True,33.33,22.15,10.11,0.255,24.93,False
2026-06-28,Bilbao,43.263,-2.935,27.8,58.6,18.1,13.8,81.0,True,35.05,32.35,15.0,0.405,26.57,False
2026-06-29,Bilbao,43.263,-2.935,23.6,74.2,3.2,6.0,77.0,True,32.2,24.2,3.72,0.385,25.4,False
2026-06-30,Bilbao,43.263,-2.935,23.3,59.8,4.5,6.7,59.0,True,30.45,37.95,4.71,0.295,24.9,False
2026-07-01,Bilbao,43.263,-2.935,23.2,85.5,7.5,5.5,41.0,True,32.91,10.75,6.15,0.205,23.37,False
2026-07-02,Bilbao,43.263,-2.935,28.1,67.7,15.0,13.8,64.0,True,36.28,24.8,13.14,0.32,24.87,False
2026-06-03,Zaragoza,41.6488,-0.8891,34.7,37.9,2.3,12.3,78.0,False,40.22,60.95,5.07,0.39,34.7,False
2026-06-04,Zaragoza,41.6488,-0.8891,31.2,56.0,0.7,17.2,59.0,False,38.36,43.65,5.58,0.295,32.95,False
2026-06-05,Zaragoza,41.6488,-0.8891,34.9,38.0,2.5,13.2,93.0,False,40.44,60.75,5.46,0.465,33.6,False
2026-06-06,Zaragoza,41.6488,-0.8891,37.6,70.7,2.6,5.0,74.0,False,46.55,28.0,3.06,0.37,34.57,False
2026-06-07,Zaragoza,41.6488,-0.8891,32.6,55.3,0.4,13.9,81.0,False,39.76,44.5,4.41,0.405,35.03,False
2026-06-08,Zaragoza,41.6488,-0.8891,30.8,60.8,1.2,10.5,52.0,False,38.42,38.6,3.87,0.26,33.67,False
2026-06-09,Zaragoza,41.6488,-0.8891,31.9,65.5,1.9,28.5,71.0,False,40.04,33.55,9.69,0.355,31.77,False
2026-06-10,Zaragoza,41.6488,-0.8891,34.2,56.8,0.6,12.5,84.0,False,41.59,42.9,4.11,0.42,32.3,False
2026-06-11,Zaragoza,41.6488,-0.8891,39.6,54.0,0.9,13.9,103.0,False,46.98,45.55,4.71,0.515,35.23,False
2026-06-12,Zaragoza,41.6488,-0.8891,34.4,51.7,1.6,12.2,110.0,False,41.29,47.5,4.62,0.55,36.07,False
2026-06-13,Zaragoza,41.6488,-0.8891,35.6,49.4,3.7,9.5,101.0,False,42.32,48.75,5.07,0.505,36.53,False
2026-06-14,Zaragoza,41.6488,-0.8891,30.1,66.4,0.2,15.6,80.0,False,38.25,33.5,4.8,0.4,33.37,False
2026-06-15,Zaragoza,41.6488,-0.8891,34.4,41.6,4.8,20.9,92.0,False,40.28,56.0,9.15,0.46,33.37,False
2026-06-16,Zaragoza,41.6488,-0.8891,36.8,65.6,4.4,15.6,66.0,False,45.2,32.2,7.32,0.33,33.77,False
2026-06-17,Zaragoza,41.6488,-0.8891,34.9,57.1,0.5,20.9,87.0,False,42.36,42.65,6.57,0.435,35.37,False
2026-06-18,Zaragoza,41.6488,-0.8891,35.0,52.9,8.3,15.8,95.0,False,42.04,42.95,9.72,0.475,35.57,False
2026-06-19,Zaragoza,41.6488,-0.8891,34.1,55.3,0.9,7.6,90.0,False,41.34,44.25,2.82,0.45,34.67,False
2026-06-20,Zaragoza,41.6488,-0.8891,31.7,67.8,3.0,14.9,69.0,False,40.07,30.7,6.27,0.345,33.6,False
2026-06-21,Zaragoza,41.6488,-0.8891,37.2,57.0,0.9,21.2,96.0,False,44.76,42.55,6.9,0.48,34.33,False
2026-06-22,Zaragoza,41.6488,-0.8891,31.0,60.9,0.1,16.5,89.0,False,38.64,39.05,5.01,0.445,33.3,False
2026-06-23,Zaragoza,41.6488,-0.8891,32.9,69.1,1.5,21.5,83.0,False,41.46,30.15,7.35,0.415,33.7,False
2026-06-24,Zaragoza,41.6488,-0.8891,30.3,37.4,3.1,13.5,67.0,False,35.56,61.05,5.91,0.335,31.4,False
2026-06-25,Zaragoza,41.6488,-0.8891,31.0,45.8,0.8,4.4,55.0,False,37.13,53.8,1.8,0.275,31.4,False
2026-06-26,Zaragoza,41.6488,-0.8891,31.6,61.8,7.0,21.9,72.0,False,39.36,34.7,10.77,0.36,30.97,False
2026-06-27,Zaragoza,41.6488,-0.8891,33.9,61.7,2.2,23.0,106.0,False,41.76,37.2,8.22,0.53,32.17,False
2026-06-28,Zaragoza,41.6488,-0.8891,30.5,55.7,0.5,12.3,63.0,False,37.6,44.05,3.99,0.315,32.0,False
2026-06-29,Zaragoza,41.6488,-0.8891,32.6,66.9,0.1,13.8,60.0,False,40.92,33.05,4.2,0.3,32.33,False
2026-06-30,Zaragoza,41.6488,-0.8891,35.8,65.5,0.4,12.7,97.0,False,44.14,34.3,4.05,0.485,32.97,False
2026-07-01,Zaragoza,41.6488,-0.8891,34.4,39.8,2.1,11.0,86.0,False,40.1,59.15,4.56,0.43,34.27,False
2026-07-02,Zaragoza,41.6488,-0.8891,33.2,60.8,0.3,17.7,85.0,False,40.94,39.05,5.49,0.425,34.47,False
2026-06-03,Malaga,36.7213,-4.4214,33.4,88.1,0.2,5.5,61.0,True,43.88,11.8,1.77,0.305,33.4,False
2026-06-04,Malaga,36.7213,-4.4214,33.9,58.5,1.4,12.9,85.0,True,41.44,40.8,4.71,0.425,33.65,False
2026-06-05,Malaga,36.7213,-4.4214,32.0,79.9,1.3,23.2,81.0,True,41.59,19.45,7.74,0.405,33.1,False
2026-06-06,Malaga,36.7213,-4.4214,34.9,56.7,1.7,19.5,79.0,True,42.32,42.45,6.87,0.395,33.6,False
2026-06-07,Malaga,36.7213,-4.4214,33.3,79.1,3.8,18.4,91.0,True,42.88,19.0,7.8,0.455,33.4,False
2026-06-08,Malaga,36.7213,-4.4214,33.1,76.6,2.3,24.3,89.0,True,42.42,22.25,8.67,0.445,33.77,False
2026-06-09,Malaga,36.7213,-4.4214,31.6,69.5,0.8,11.9,82.0,True,40.13,30.1,4.05,0.41,32.67,False
2026-06-10,Malaga,36.7213,-4.4214,32.9,72.0,1.4,17.1,79.0,True,41.74,27.3,5.97,0.395,32.53,False
2026-06-11,Malaga,36.7213,-4.4214,29.0,75.5,2.0,25.0,70.0,True,38.0,23.5,8.7,0.35,31.17,False
2026-06-12,Malaga,36.7213,-4.4214,32.6,64.0,1.6,15.4,82.0,True,40.63,35.2,5.58,0.41,31.5,False
2026-06-13,Malaga,36.7213,-4.4214,33.3,69.9,0.2,17.1,86.0,True,41.96,30.0,5.25,0.43,31.63,False
2026-06-14,Malaga,36.7213,-4.4214,31.6,64.0,2.5,16.8,64.0,True,39.58,34.75,6.54,0.32,32.5,False
2026-06-15,Malaga,36.7213,-4.4214,34.6,52.8,0.1,18.2,76.0,True,41.61,47.15,5.52,0.38,33.17,False
2026-06-16,Malaga,36.7213,-4.4214,31.7,47.6,2.9,12.7,103.0,True,38.04,50.95,5.55,0.515,32.63,False
2026-06-17,Malaga,36.7213,-4.4214,28.8,46.0,0.4,19.9,81.0,True,34.84,53.8,6.21,0.405,31.7,False
2026-06-18,Malaga,36.7213,-4.4214,34.5,81.1,0.6,19.9,82.0,True,44.34,18.6,6.33,0.41,31.67,False
2026-06-19,Malaga,36.7213,-4.4214,36.1,57.3,1.0,21.4,85.0,True,43.64,42.2,7.02,0.425,33.13,False
2026-06-20,Malaga,36.7213,-4.4214,30.4,61.3,0.1,8.5,93.0,True,38.05,38.65,2.61,0.465,33.67,False
2026-06-21,Malaga,36.7213,-4.4214,31.8,79.2,6.9,17.6,72.0,True,41.31,17.35,9.42,0.36,32.77,False
2026-06-22,Malaga,36.7213,-4.4214,33.6,75.2,3.7,19.9,101.0,True,42.8,22.95,8.19,0.505,31.93,False
2026-06-23,Malaga,36.7213,-4.4214,32.4,75.1,3.2,9.8,77.0,True,41.53,23.3,4.86,0.385,32.6,False
2026-06-24,Malaga,36.7213,-4.4214,32.8,60.4,1.1,15.8,57.0,True,40.48,39.05,5.4,0.285,32.93,False
2026-06-25,Malaga,36.7213,-4.4214,32.3,61.2,0.6,12.2,92.0,True,40.03,38.5,4.02,0.46,32.5,False
2026-06-26,Malaga,36.7213,-4.4214,31.4,67.7,0.2,13.3,38.0,True,39.74,32.2,4.11,0.19,32.17,False
2026-06-27,Malaga,36.7213,-4.4214,28.5,75.6,2.4,18.2,73.0,True,37.48,23.2,6.9,0.365,30.73,False
2026-06-28,Malaga,36.7213,-4.4214,31.9,62.3,0.2,16.0,58.0,True,39.72,37.6,4.92,0.29,30.6,False
2026-06-29,Malaga,36.7213,-4.4214,35.3,76.8,1.6,10.7,86.0,True,44.74,22.4,4.17,0.43,31.9,False
2026-06-30,Malaga,36.7213,-4.4214,31.4,67.1,0.2,10.0,70.0,True,39.68,32.8,3.12,0.35,32.87,False
2026-07-01,Malaga,36.7213,-4.4214,36.0,74.4,3.2,13.0,81.0,True,45.24,24.0,5.82,0.405,34.23,False
2026-07-02,Malaga,36.7213,-4.4214,32.6,60.0,2.5,16.4,68.0,True,40.23,38.75,6.42,0.34,33.33,False
2026-06-03,Alicante,38.3452,-0.481,34.5,71.9,8.8,12.5,100.0,True,43.42,23.7,9.03,0.5,34.5,False
2026-06-04,Alicante,38.3452,-0.481,33.3,77.5,11.9,28.5,69.0,True,42.72,16.55,15.69,0.345,33.9,False
2026-06-05,Alicante,38.3452,-0.481,36.8,70.0,0.6,9.8,83.0,True,45.64,29.7,3.3,0.415,34.87,False
2026-06-06,Alicante,38.3452,-0.481,34.4,79.3,4.8,26.4,90.0,True,44.05,18.3,10.8,0.45,34.83,False
2026-06-07,Alicante,38.3452,-0.481,33.1,69.2,1.6,13.0,82.0,True,41.68,30.0,4.86,0.41,34.77,False
2026-06-08,Alicante,38.3452,-0.481,35.4,66.9,9.1,13.1,110.0,True,43.86,28.55,9.39,0.55,34.3,False
2026-06-09,Alicante,38.3452,-0.481,30.3,53.4,30.8,6.6,101.0,True,37.16,31.2,20.46,0.505,32.93,False
2026-06-10,Alicante,38.3452,-0.481,32.8,85.8,14.5,15.0,92.0,True,43.02,6.95,13.2,0.46,32.83,False
2026-06-11,Alicante,38.3452,-0.481,34.4,52.2,17.0,19.2,64.0,True,41.34,39.3,15.96,0.32,32.5,False
2026-06-12,Alicante,38.3452,-0.481,36.0,75.8,1.0,19.0,92.0,True,45.38,23.7,6.3,0.46,34.4,False
2026-06-13,Alicante,38.3452,-0.481,31.8,61.3,24.9,17.9,71.0,True,39.52,26.25,20.31,0.355,34.07,False
2026-06-14,Alicante,38.3452,-0.481,29.4,67.5,14.3,20.6,25.0,True,37.62,25.35,14.76,0.125,32.4,False
2026-06-15,Alicante,38.3452,-0.481,35.5,50.6,1.2,18.2,85.0,True,42.34,48.8,6.18,0.425,32.23,False
2026-06-16,Alicante,38.3452,-0.481,34.8,55.5,2.8,13.2,90.0,True,42.09,43.1,5.64,0.45,33.23,False
2026-06-17,Alicante,38.3452,-0.481,32.9,72.8,1.9,3.4,83.0,True,41.82,26.25,2.16,0.415,34.4,False
2026-06-18,Alicante,38.3452,-0.481,32.4,80.3,2.0,25.0,90.0,True,42.05,18.7,8.7,0.45,33.37,False
2026-06-19,Alicante,38.3452,-0.481,32.2,64.5,0.3,21.1,95.0,True,40.26,35.35,6.51,0.475,32.5,False
2026-06-20,Alicante,38.3452,-0.481,35.7,67.1,11.5,22.2,91.0,True,44.2,27.15,13.56,0.455,33.43,False
2026-06-21,Alicante,38.3452,-0.481,32.4,66.0,2.2,16.3,67.0,True,40.62,32.9,6.21,0.335,33.43,False
2026-06-22,Alicante,38.3452,-0.481,32.7,57.7,19.0,16.5,48.0,True,40.11,32.8,16.35,0.24,33.6,False
2026-06-23,Alicante,38.3452,-0.481,35.0,71.5,4.2,3.4,129.0,True,43.9,26.4,3.54,0.645,33.37,False
2026-06-24,Alicante,38.3452,-0.481,31.1,72.0,0.2,22.6,58.0,True,39.86,27.9,6.9,0.29,32.93,False
2026-06-25,Alicante,38.3452,-0.481,34.3,57.5,24.5,17.7,73.0,True,41.76,30.25,20.01,0.365,33.47,False
2026-06-26,Alicante,38.3452,-0.481,35.4,66.4,1.4,21.2,94.0,True,43.81,32.9,7.2,0.47,33.6,False
2026-06-27,Alicante,38.3452,-0.481,33.3,71.6,4.8,21.8,85.0,True,42.12,26.0,9.42,0.425,34.33,False
2026-06-28,Alicante,38.3452,-0.481,32.0,68.7,18.7,22.6,94.0,True,40.47,21.95,18.0,0.47,33.57,False
2026-06-29,Alicante,38.3452,-0.481,34.4,56.6,3.5,11.4,88.0,True,41.78,41.65,5.52,0.44,33.23,False
2026-06-30,Alicante,38.3452,-0.481,35.2,65.5,10.7,25.7,92.0,True,43.51,29.15,14.13,0.46,33.87,False
2026-07-01,Alicante,38.3452,-0.481,32.5,77.6,2.8,22.3,86.0,True,41.88,21.0,8.37,0.43,34.03,False
2026-07-02,Alicante,38.3452,-0.481,34.6,74.4,4.0,15.1,86.0,True,43.77,23.6,6.93,0.43,34.1,False
2026-06-03,Murcia,37.9922,-1.1307,34.6,55.2,1.2,8.3,59.0,False,41.85,44.2,3.21,0.295,34.6,False
2026-06-04,Murcia,37.9922,-1.1307,33.1,70.5,1.8,12.2,59.0,False,41.81,28.6,4.74,0.295,33.85,False
2026-06-05,Murcia,37.9922,-1.1307,38.6,65.1,2.9,2.5,86.0,False,47.04,33.45,2.49,0.43,35.43,False
2026-06-06,Murcia,37.9922,-1.1307,35.1,66.3,2.0,7.7,61.0,False,43.49,32.7,3.51,0.305,35.6,False
2026-06-07,Murcia,37.9922,-1.1307,37.2,79.4,2.8,20.1,100.0,False,47.0,19.2,7.71,0.5,36.97,False
2026-06-08,Murcia,37.9922,-1.1307,34.4,58.9,7.9,11.5,79.0,False,42.01,37.15,8.19,0.395,35.57,False
2026-06-09,Murcia,37.9922,-1.1307,31.3,54.0,1.0,21.8,65.0,False,38.26,45.5,7.14,0.325,34.3,False
2026-06-10,Murcia,37.9922,-1.1307,30.8,59.0,2.8,10.1,86.0,False,38.24,39.6,4.71,0.43,32.17,False
2026-06-11,Murcia,37.9922,-1.1307,32.8,52.8,0.6,10.2,87.0,False,39.72,46.9,3.42,0.435,31.63,False
2026-06-12,Murcia,37.9922,-1.1307,39.1,57.2,0.3,6.4,104.0,False,46.78,42.65,2.1,0.52,34.23,False
2026-06-13,Murcia,37.9922,-1.1307,35.0,60.5,4.9,12.5,86.0,False,42.8,37.05,6.69,0.43,35.63,False
2026-06-14,Murcia,37.9922,-1.1307,36.0,56.4,2.8,16.3,89.0,False,43.44,42.2,6.57,0.445,36.7,False
2026-06-15,Murcia,37.9922,-1.1307,33.5,48.4,2.8,22.9,76.0,False,40.02,50.2,8.55,0.38,34.83,False
2026-06-16,Murcia,37.9922,-1.1307,34.4,62.5,0.8,11.7,97.0,False,42.37,37.1,3.99,0.485,34.63,False
2026-06-17,Murcia,37.9922,-1.1307,34.4,67.5,3.3,17.4,71.0,False,42.87,30.85,7.2,0.355,34.1,False
2026-06-18,Murcia,37.9922,-1.1307,39.9,42.6,0.6,19.8,106.0,False,46.16,57.1,6.3,0.53,36.23,False
2026-06-19,Murcia,37.9922,-1.1307,34.6,53.7,0.1,23.3,108.0,False,41.7,46.25,7.05,0.54,36.3,False
2026-06-20,Murcia,37.9922,-1.1307,31.6,57.7,1.5,15.5,114.0,False,38.95,41.55,5.55,0.57,35.37,False
2026-06-21,Murcia,37.9922,-1.1307,33.2,71.4,1.7,21.9,96.0,False,42.0,27.75,7.59,0.48,33.13,False
2026-06-22,Murcia,37.9922,-1.1307,35.7,49.7,2.6,13.7,84.0,False,42.46,49.0,5.67,0.42,33.5,False
2026-06-23,Murcia,37.9922,-1.1307,33.7,44.9,0.8,12.5,78.0,False,39.88,54.7,4.23,0.39,34.2,False
2026-06-24,Murcia,37.9922,-1.1307,33.3,55.3,4.8,17.4,57.0,False,40.49,42.3,8.1,0.285,34.23,False
2026-06-25,Murcia,37.9922,-1.1307,35.7,63.3,2.3,9.0,69.0,False,43.82,35.55,4.08,0.345,34.23,False
2026-06-26,Murcia,37.9922,-1.1307,36.5,74.5,3.9,11.8,89.0,False,45.78,23.55,5.88,0.445,35.17,False
2026-06-27,Murcia,37.9922,-1.1307,36.2,55.8,0.6,10.1,98.0,False,43.59,43.9,3.39,0.49,36.13,False
2026-06-28,Murcia,37.9922,-1.1307,33.0,55.8,1.8,11.6,98.0,False,40.23,43.3,4.56,0.49,35.23,False
2026-06-29,Murcia,37.9922,-1.1307,37.4,61.1,7.9,12.8,71.0,False,45.38,34.95,8.58,0.355,35.53,False
2026-06-30,Murcia,37.9922,-1.1307,35.2,62.8,5.5,29.9,91.0,False,43.24,34.45,12.27,0.455,35.2,False
2026-07-01,Murcia,37.9922,-1.1307,35.4,51.9,0.4,19.0,95.0,False,42.36,47.9,5.94,0.475,36.0,False
2026-07-02,Murcia,37.9922,-1.1307,32.6,46.1,1.3,5.0,86.0,False,38.84,53.25,2.28,0.43,34.4,False
2026-06-03,Granada,37.1773,-3.5986,31.6,33.5,2.1,21.0,75.0,False,36.53,65.45,7.56,0.375,31.6,False
2026-06-04,Granada,37.1773,-3.5986,34.6,55.0,4.4,16.5,82.0,False,41.83,42.8,7.59,0.41,33.1,False
2026-06-05,Granada,37.1773,-3.5986,36.0,52.1,4.7,19.4,97.0,False,43.01,45.55,8.64,0.485,34.07,False
2026-06-06,Granada,37.1773,-3.5986,32.9,52.6,1.2,19.2,65.0,False,39.8,46.8,6.48,0.325,34.5,False
2026-06-07,Granada,37.1773,-3.5986,34.1,54.9,2.4,14.6,85.0,False,41.3,43.9,5.82,0.425,34.33,False
2026-06-08,Granada,37.1773,-3.5986,39.4,52.0,3.4,16.1,79.0,False,46.57,46.3,6.87,0.395,35.47,False
2026-06-09,Granada,37.1773,-3.5986,31.7,51.9,1.1,19.0,76.0,False,38.48,47.55,6.36,0.38,35.07,False
2026-06-10,Granada,37.1773,-3.5986,30.0,48.5,1.6,10.4,68.0,False,36.35,50.7,4.08,0.34,33.7,False
2026-06-11,Granada,37.1773,-3.5986,31.3,61.0,2.3,10.2,80.0,False,38.97,37.85,4.44,0.4,31.0,False
2026-06-12,Granada,37.1773,-3.5986,32.5,54.4,12.3,16.9,72.0,False,39.56,39.45,12.45,0.36,31.27,False
2026-06-13,Granada,37.1773,-3.5986,32.7,52.0,2.7,16.1,67.0,False,39.54,46.65,6.45,0.335,32.17,False
2026-06-14,Granada,37.1773,-3.5986,30.6,64.1,2.3,2.0,86.0,False,38.54,34.75,1.98,0.43,31.93,False
2026-06-15,Granada,37.1773,-3.5986,31.0,52.8,1.1,23.2,68.0,False,37.83,46.65,7.62,0.34,31.43,False
2026-06-16,Granada,37.1773,-3.5986,35.9,62.6,0.0,12.5,49.0,False,43.96,37.4,3.75,0.245,32.5,False
2026-06-17,Granada,37.1773,-3.5986,32.8,58.9,1.8,10.0,78.0,False,40.33,40.2,4.08,0.39,33.23,False
2026-06-18,Granada,37.1773,-3.5986,29.7,75.6,4.3,15.8,55.0,False,38.75,22.25,7.32,0.275,32.8,False
2026-06-19,Granada,37.1773,-3.5986,33.0,46.2,3.1,2.2,72.0,False,39.27,52.25,2.52,0.36,31.83,False
2026-06-20,Granada,37.1773,-3.5986,32.1,32.2,3.6,12.0,92.0,False,36.93,66.0,5.76,0.46,31.6,False
2026-06-21,Granada,37.1773,-3.5986,32.7,73.3,0.7,15.5,92.0,False,41.67,26.35,5.07,0.46,32.6,False
2026-06-22,Granada,37.1773,-3.5986,37.1,67.1,5.3,23.8,115.0,False,45.67,30.25,10.32,0.575,33.97,False
2026-06-23,Granada,37.1773,-3.5986,34.1,47.5,0.4,16.5,108.0,False,40.56,52.3,5.19,0.54,34.63,False
2026-06-24,Granada,37.1773,-3.5986,33.5,55.9,0.2,13.8,83.0,False,40.76,44.0,4.26,0.415,34.9,False
2026-06-25,Granada,37.1773,-3.5986,31.0,45.3,1.0,20.1,90.0,False,37.08,54.2,6.63,0.45,32.87,False
2026-06-26,Granada,37.1773,-3.5986,33.0,50.6,0.2,23.1,90.0,False,39.71,49.3,7.05,0.45,32.5,False
2026-06-27,Granada,37.1773,-3.5986,36.2,47.4,2.3,8.5,81.0,False,42.75,51.45,3.93,0.405,33.4,False
2026-06-28,Granada,37.1773,-3.5986,34.6,45.7,3.5,18.7,116.0,False,40.9,52.55,7.71,0.58,34.6,False
2026-06-29,Granada,37.1773,-3.5986,32.6,64.3,9.1,24.7,105.0,False,40.66,31.15,12.87,0.525,34.47,False
2026-06-30,Granada,37.1773,-3.5986,35.6,60.9,2.5,13.8,74.0,False,43.47,37.85,5.64,0.37,34.27,False
2026-07-01,Granada,37.1773,-3.5986,31.7,35.3,1.4,19.5,77.0,False,36.82,64.0,6.69,0.385,33.3,False
2026-07-02,Granada,37.1773,-3.5986,32.9,51.7,0.5,17.8,91.0,False,39.72,48.05,5.64,0.455,33.4,False
2026-06-03,A Coruna,43.3623,-8.4115,24.9,62.2,21.7,21.0,42.0,True,32.36,26.95,19.32,0.21,24.9,False
2026-06-04,A Coruna,43.3623,-8.4115,25.7,66.6,14.3,20.0,75.0,True,33.64,26.25,14.58,0.375,25.3,False
2026-06-05,A Coruna,43.3623,-8.4115,23.4,55.0,46.0,15.4,49.0,True,30.07,22.0,32.22,0.245,24.67,False
2026-06-06,A Coruna,43.3623,-8.4115,24.8,73.8,2.6,23.4,55.0,True,33.42,24.9,8.58,0.275,24.63,False
2026-06-07,A Coruna,43.3623,-8.4115,23.7,85.0,9.8,4.6,52.0,True,33.39,10.1,7.26,0.26,23.97,False
2026-06-08,A Coruna,43.3623,-8.4115,27.0,74.2,22.7,23.7,71.0,True,35.77,14.45,20.73,0.355,25.17,False
2026-06-09,A Coruna,43.3623,-8.4115,22.7,55.8,0.1,21.0,34.0,True,29.42,44.15,6.36,0.17,24.47,False
2026-06-10,A Coruna,43.3623,-8.4115,25.8,63.8,2.5,26.0,63.0,True,33.47,34.95,9.3,0.315,25.17,False
2026-06-11,A Coruna,43.3623,-8.4115,20.4,72.4,4.8,17.7,63.0,True,28.66,25.2,8.19,0.315,22.97,False
2026-06-12,A Coruna,43.3623,-8.4115,19.8,56.9,1.8,20.3,34.0,True,26.48,42.2,7.17,0.17,22.0,False
2026-06-13,A Coruna,43.3623,-8.4115,26.8,64.0,23.9,5.8,82.0,True,34.54,24.05,16.08,0.41,22.33,False
2026-06-14,A Coruna,43.3623,-8.4115,26.7,60.5,0.0,6.8,79.0,True,34.08,39.5,2.04,0.395,24.43,False
2026-06-15,A Coruna,43.3623,-8.4115,21.8,93.6,11.3,16.8,35.0,True,32.25,0.75,11.82,0.175,25.1,False
2026-06-16,A Coruna,43.3623,-8.4115,27.1,86.9,10.2,22.1,70.0,True,37.15,8.0,12.75,0.35,25.2,False
2026-06-17,A Coruna,43.3623,-8.4115,24.7,62.5,7.6,22.7,44.0,True,32.18,33.7,11.37,0.22,24.53,False
2026-06-18,A Coruna,43.3623,-8.4115,25.1,74.8,8.0,9.1,52.0,True,33.84,21.2,7.53,0.26,25.63,False
2026-06-19,A Coruna,43.3623,-8.4115,21.4,49.3,1.0,18.9,24.0,True,27.4,50.2,6.27,0.12,23.73,False
2026-06-20,A Coruna,43.3623,-8.4115,23.4,73.8,6.0,23.3,59.0,True,31.95,23.2,10.59,0.295,23.3,False
2026-06-21,A Coruna,43.3623,-8.4115,22.5,58.4,20.1,23.2,20.0,True,29.46,31.55,19.02,0.1,22.43,False
2026-06-22,A Coruna,43.3623,-8.4115,20.2,71.5,4.9,16.8,20.0,True,28.36,26.05,7.98,0.1,22.03,False
2026-06-23,A Coruna,43.3623,-8.4115,23.7,66.5,3.3,22.2,48.0,True,31.54,31.85,8.64,0.24,22.13,False
2026-06-24,A Coruna,43.3623,-8.4115,22.2,72.0,17.9,9.0,20.0,True,30.51,19.05,13.44,0.1,22.03,False
2026-06-25,A Coruna,43.3623,-8.4115,22.9,85.7,6.3,21.4,60.0,True,32.61,11.15,10.2,0.3,22.93,False
2026-06-26,A Coruna,43.3623,-8.4115,23.8,57.0,1.6,20.6,70.0,True,30.69,42.2,7.14,0.35,22.97,False
2026-06-27,A Coruna,43.3623,-8.4115,22.8,66.0,3.3,18.1,45.0,True,30.54,32.35,7.41,0.225,23.17,False
2026-06-28,A Coruna,43.3623,-8.4115,21.2,58.8,15.7,25.0,39.0,True,28.14,33.35,16.92,0.195,22.6,False
2026-06-29,A Coruna,43.3623,-8.4115,23.0,60.5,0.4,16.6,32.0,True,30.2,39.3,5.22,0.16,22.33,False
2026-06-30,A Coruna,43.3623,-8.4115,19.1,57.7,25.3,16.4,45.0,True,25.83,29.65,20.1,0.225,21.1,False
2026-07-01,A Coruna,43.3623,-8.4115,19.6,62.7,14.4,9.3,47.0,True,26.85,30.1,11.43,0.235,20.57,False
2026-07-02,A Coruna,43.3623,-8.4115,20.1,92.1,39.3,6.3,58.0,True,30.32,0.0,25.47,0.29,19.6,False
2026-06-03,Toledo,39.8628,-4.0273,33.4,46.9,3.8,22.1,120.0,False,39.76,51.2,8.91,0.6,33.4,False
2026-06-04,Toledo,39.8628,-4.0273,34.3,56.5,2.5,11.0,84.0,False,41.66,42.25,4.8,0.42,33.85,False
2026-06-05,Toledo,39.8628,-4.0273,32.6,25.8,0.4,13.3,108.0,False,36.81,74.0,4.23,0.54,33.43,False
2026-06-06,Toledo,39.8628,-4.0273,38.9,44.7,1.6,16.1,86.0,False,45.32,54.5,5.79,0.43,35.27,False
2026-06-07,Toledo,39.8628,-4.0273,34.6,68.7,0.1,12.2,93.0,False,43.2,31.25,3.72,0.465,35.37,False
2026-06-08,Toledo,39.8628,-4.0273,33.4,49.9,0.8,16.7,105.0,False,40.06,49.7,5.49,0.525,35.63,False
2026-06-09,Toledo,39.8628,-4.0273,35.7,52.5,4.2,13.8,95.0,False,42.74,45.4,6.66,0.475,34.57,False
2026-06-10,Toledo,39.8628,-4.0273,35.7,54.7,3.0,21.3,86.0,False,42.96,43.8,8.19,0.43,34.93,False
2026-06-11,Toledo,39.8628,-4.0273,34.6,86.9,0.2,22.2,91.0,False,45.02,13.0,6.78,0.455,35.33,False
2026-06-12,Toledo,39.8628,-4.0273,37.9,49.3,6.7,16.7,72.0,False,44.72,47.35,9.03,0.36,36.07,False
2026-06-13,Toledo,39.8628,-4.0273,37.0,48.3,1.7,23.1,99.0,False,43.68,50.85,7.95,0.495,36.5,False
2026-06-14,Toledo,39.8628,-4.0273,36.7,53.1,1.5,18.9,77.0,False,43.85,46.15,6.57,0.385,37.2,False
2026-06-15,Toledo,39.8628,-4.0273,33.6,65.3,3.9,14.4,88.0,False,41.81,32.75,6.66,0.44,35.77,False
2026-06-16,Toledo,39.8628,-4.0273,33.8,49.8,4.5,10.3,88.0,False,40.47,47.95,5.79,0.44,34.7,False
2026-06-17,Toledo,39.8628,-4.0273,39.5,44.3,0.2,17.1,102.0,False,45.9,55.6,5.25,0.51,35.63,False
2026-06-18,Toledo,39.8628,-4.0273,36.1,55.1,1.1,9.6,95.0,False,43.42,44.35,3.54,0.475,36.47,False
2026-06-19,Toledo,39.8628,-4.0273,34.6,64.9,0.4,16.2,80.0,False,42.82,34.9,5.1,0.4,36.73,False
2026-06-20,Toledo,39.8628,-4.0273,38.9,57.2,4.4,17.2,92.0,False,46.56,40.6,7.8,0.46,36.53,False
2026-06-21,Toledo,39.8628,-4.0273,35.7,52.0,3.4,26.8,92.0,False,42.69,46.3,10.08,0.46,36.4,False
2026-06-22,Toledo,39.8628,-4.0273,34.3,35.4,3.4,3.3,74.0,False,39.56,62.9,3.03,0.37,36.3,False
2026-06-23,Toledo,39.8628,-4.0273,37.9,54.8,0.8,19.3,81.0,False,45.28,44.8,6.27,0.405,35.97,False
2026-06-24,Toledo,39.8628,-4.0273,33.8,50.9,0.9,25.7,76.0,False,40.58,48.65,8.25,0.38,35.33,False
2026-06-25,Toledo,39.8628,-4.0273,37.7,70.2,0.9,15.4,111.0,False,46.61,29.35,5.16,0.555,36.47,False
2026-06-26,Toledo,39.8628,-4.0273,35.1,56.4,0.3,8.9,103.0,False,42.5,43.45,2.85,0.515,35.53,False
2026-06-27,Toledo,39.8628,-4.0273,34.0,57.0,0.4,13.6,90.0,False,41.4,42.8,4.32,0.45,35.6,False
2026-06-28,Toledo,39.8628,-4.0273,33.9,62.8,2.1,16.8,111.0,False,41.88,36.15,6.3,0.555,34.33,False
2026-06-29,Toledo,39.8628,-4.0273,32.8,48.2,0.1,22.2,59.0,False,39.26,51.75,6.72,0.295,33.57,False
2026-06-30,Toledo,39.8628,-4.0273,36.6,61.7,2.2,18.5,86.0,False,44.6,37.2,6.87,0.43,34.43,False
2026-07-01,Toledo,39.8628,-4.0273,36.5,74.0,0.2,5.8,55.0,False,45.72,25.9,1.86,0.275,35.3,False
2026-07-02,Toledo,39.8628,-4.0273,35.3,66.0,1.0,12.8,85.0,False,43.66,33.5,4.44,0.425,36.13,False
